Blue Ban 1,Red Ban 1,Blue Ban 2,Red Ban 2,Blue Ban 3,Red Ban 3,Blue Pick 1,Red Pick 1,Red Pick 2,Blue Pick 2,Blue Pick 3,Red Pick 3,Red Ban 4,Blue Ban 4,Red Ban 5,Blue Ban 5,Red Pick 4,Blue Pick 4,Blue Pick 5,Red Pick 5
Yuumi,Karma,Lux,Sejuani,Aatrox,Sona,Irelia,Xayah,Elise,Draven,Morgana,Rakan,Olaf,Azir,Skarner,Kennen,Akali,Rumble,Gragas,Gnar
Rakan,Karma,Irelia,Sona,Yasuo,Camille,Sejuani,Yuumi,Aatrox,Sivir,Nautilus,Xayah,Zilean,Jarvan IV,Kennen,Skarner,Azir,Gangplank,Corki,Trundle
Aatrox,Qiyana,Sejuani,Yuumi,Jarvan IV,Sylas,Yasuo,Azir,Olaf,Gragas,Corki,Rakan,Lee Sin,Xayah,Karthus,Lucian,Ezreal,Kled,Elise,Jax
Sona,Yuumi,Sejuani,Karma,Jarvan IV,Anivia,Tahm Kench,Xayah,Rakan,Sylas,Varus,Skarner,Irelia,Gangplank,Kennen,Akali,Aatrox,Talon,Renekton,LeBlanc
Kled,Jarvan IV,Karthus,Galio,Lucian,Jayce,Sylas,Ryze,Braum,Xayah,Rakan,Ezreal,Nocturne,Jax,Rek'Sai,Olaf,Lee Sin,Elise,Aatrox,Camille
Braum,Cassiopeia,Aatrox,Akali,Xin Zhao,Draven,Urgot,Lucian,Sion,Thresh,Ezreal,Morgana,Karthus,Camille,Olaf,Ryze,Sejuani,LeBlanc,Lee Sin,Malzahar
Draven,Yuumi,Corki,Xayah,Karma,Sejuani,Akali,Sylas,Lee Sin,Kai'Sa,Qiyana,Alistar,Aatrox,Lucian,Nautilus,Tristana,Ezreal,Rakan,Rumble,Gnar
Tahm Kench,Sylas,Sona,Aatrox,Yuumi,Irelia,Sejuani,Draven,Olaf,Xayah,Rakan,Nautilus,Ryze,Anivia,Camille,LeBlanc,Kennen,Taliyah,Rumble,Lux
Yuumi,Twisted Fate,Irelia,Karma,Olaf,Sona,Sejuani,Aatrox,Trundle,Sivir,Nautilus,Morgana,Azir,Draven,Zilean,Akali,Xayah,Syndra,Gangplank,Vladimir
Sylas,Yasuo,Irelia,Jayce,Kled,Braum,Urgot,Lucian,Sion,Draven,Thresh,Alistar,Syndra,Lissandra,LeBlanc,Corki,Zoe,Orianna,Yorick,Olaf
Zoe,Lucian,Ryze,Cassiopeia,Zilean,Jayce,Draven,Jarvan IV,Galio,Morgana,Sylas,Ezreal,Karthus,Olaf,Irelia,Renekton,Syndra,LeBlanc,Rek'Sai,Nocturne
Ryze,Taric,Yuumi,Jayce,Aatrox,Akali,Sylas,Irelia,Galio,Xayah,Rakan,Sejuani,Jarvan IV,Draven,Rek'Sai,Sivir,Ezreal,Olaf,Kennen,Azir
Rakan,Cassiopeia,Aatrox,Sejuani,Akali,Urgot,Irelia,Xin Zhao,Lucian,Jayce,Alistar,Braum,Karthus,Lissandra,Viktor,Ornn,Galio,Kai'Sa,Gragas,Poppy
LeBlanc,Sylas,Rek'Sai,Karthus,Ryze,Jayce,Lissandra,Jarvan IV,Tahm Kench,Varus,Braum,Zilean,Nocturne,Jinx,Kennen,Sivir,Kog'Maw,Aatrox,Kindred,Camille
Corki,Yuumi,Xayah,Sona,Diana,Karma,Sejuani,Jarvan IV,Lux,Irelia,Kai'Sa,Sivir,Qiyana,Azir,Camille,Gangplank,Aatrox,Kennen,Braum,Lissandra
Rakan,Akali,Urgot,Karthus,Cassiopeia,Sylas,Jayce,Ornn,Thresh,Braum,Lucian,Lissandra,Camille,Kai'Sa,Gragas,Kennen,Jinx,Zoe,Olaf,Lee Sin
Draven,Irelia,Sejuani,Yasuo,Karma,Aatrox,Sona,Jarvan IV,Tahm Kench,Taric,Olaf,Varus,Jayce,LeBlanc,Neeko,Akali,Sylas,Azir,Renekton,Kennen
Lissandra,Jayce,Aatrox,Kalista,Jarvan IV,Sylas,Rek'Sai,Jinx,Sejuani,Thresh,Lucian,Vladimir,Ryze,LeBlanc,Syndra,Irelia,Morgana,Zoe,Neeko,Kassadin
Corki,Akali,Tahm Kench,Sejuani,Nautilus,Yuumi,Aatrox,Azir,Rakan,Caitlyn,Morgana,Xayah,Qiyana,Jarvan IV,Gragas,Kennen,Xin Zhao,Rek'Sai,Taliyah,Gangplank
Braum,Sylas,Lissandra,Jayce,Irelia,Ryze,Tahm Kench,LeBlanc,Rek'Sai,Jarvan IV,Morgana,Rakan,Varus,Riven,Akali,Aatrox,Vladimir,Ornn,Jinx,Xayah
Olaf,Sylas,Karma,Rakan,Yuumi,Tahm Kench,Azir,Corki,Skarner,Sejuani,Sivir,Kai'Sa,Blitzcrank,Alistar,Braum,Jax,Thresh,Morgana,Kled,Kennen
Irelia,Pyke,Sona,Karma,Aatrox,Yuumi,Sejuani,Xayah,Skarner,Lux,Sivir,Alistar,Neeko,Jarvan IV,Yasuo,Renekton,Azir,Akali,Gnar,Camille
Lucian,Cassiopeia,Lissandra,Akali,Irelia,Aatrox,Urgot,Draven,Lee Sin,Ezreal,Camille,LeBlanc,Ryze,Thresh,Ornn,Sion,Viktor,Braum,Zoe,Tahm Kench
Irelia,Cassiopeia,Akali,Galio,Karthus,Aatrox,Urgot,Lucian,Camille,Xayah,Rakan,Alistar,Gragas,Sion,Sejuani,Syndra,Kennen,Lee Sin,Lissandra,Orianna
Xin Zhao,Lucian,Rakan,Aatrox,Cassiopeia,Urgot,Lissandra,Sion,Alistar,Kai'Sa,Morgana,Ezreal,Kennen,Nocturne,Olaf,Kha'Zix,Sejuani,Camille,Swain,Zoe
Irelia,Lucian,Yasuo,Urgot,Thresh,Ezreal,Jayce,Nocturne,Alistar,Tahm Kench,Varus,Zoe,Olaf,Malphite,Zac,Yorick,Sivir,Sylas,Sejuani,Camille
Riven,Jayce,Lissandra,Lucian,Thresh,Neeko,Braum,LeBlanc,Xayah,Zoe,Ezreal,Rakan,Elise,Nocturne,Skarner,Ryze,Rek'Sai,Vladimir,Jarvan IV,Aatrox
Zoe,Aatrox,Irelia,Akali,Cassiopeia,Urgot,Lucian,Ezreal,Camille,Sion,Lissandra,Galio,Lee Sin,Alistar,Thresh,Yorick,Braum,Olaf,Zilean,Sylas
Irelia,Sylas,Tahm Kench,Jayce,Thresh,Lucian,Galio,Ezreal,Sejuani,Jarvan IV,Zoe,Alistar,Vladimir,Yasuo,Sivir,Yorick,LeBlanc,Tristana,Kennen,Ryze
Sylas,Karma,Olaf,Yuumi,Azir,Mordekaiser,Rakan,Xayah,Jarvan IV,Ezreal,Twisted Fate,Qiyana,Lee Sin,Lux,Elise,Kennen,Nautilus,Gragas,Aatrox,Neeko
Camille,Akali,Draven,Cassiopeia,Aatrox,Lucian,Urgot,Sion,Ezreal,Thresh,Kai'Sa,Braum,Olaf,Yasuo,Zoe,Syndra,Nocturne,Kha'Zix,Lissandra,Karthus
Riven,Lucian,Thresh,Sylas,Ezreal,Cassiopeia,Alistar,Kalista,Jayce,Tristana,Rek'Sai,LeBlanc,Lissandra,Braum,Zoe,Galio,Tahm Kench,Ornn,Orianna,Elise
Irelia,Galio,Lucian,Cassiopeia,Camille,Lissandra,Akali,Aatrox,Urgot,Viktor,Ezreal,Kai'Sa,Braum,Alistar,Xin Zhao,Rakan,Thresh,Tahm Kench,Lee Sin,Gragas
Olaf,Aatrox,Yuumi,Irelia,Draven,Ryze,Sylas,Neeko,Sejuani,Jarvan IV,Rumble,Ezreal,Sivir,Braum,Xayah,Tahm Kench,Corki,Jinx,Nautilus,Thresh
Corki,Yuumi,Aatrox,Sejuani,Sylas,Irelia,Akali,Qiyana,Gragas,Xayah,Rakan,Tahm Kench,Jarvan IV,Ezreal,Renekton,Mordekaiser,Varus,Olaf,Rumble,Karma
Draven,Irelia,Karma,Sejuani,Xayah,Yasuo,Jarvan IV,Lucian,Akali,Corki,Tahm Kench,Yuumi,Sona,Lee Sin,Rumble,Elise,Gragas,Ezreal,Aatrox,Tristana
Rumble,Karma,Irelia,Sejuani,Xayah,Sona,Yuumi,Jarvan IV,Nautilus,Jayce,Ezreal,Syndra,Olaf,Sivir,Gragas,Kai'Sa,Cassiopeia,Lee Sin,Twisted Fate,Zed
Irelia,Tahm Kench,Qiyana,Morgana,Jarvan IV,Jayce,Yuumi,Rumble,Lux,Karma,Sivir,Lucian,Twisted Fate,Olaf,Aatrox,Elise,Sylas,Skarner,Corki,Zed
Draven,Thresh,Kai'Sa,Lucian,Urgot,Gragas,Akali,Lissandra,Tahm Kench,Jayce,Ezreal,Varus,Olaf,Sion,Camille,Nocturne,Lee Sin,Sejuani,Blitzcrank,Sylas
Jayce,Camille,Cassiopeia,Rakan,Irelia,Braum,Aatrox,Urgot,Draven,Lucian,Galio,LeBlanc,Nocturne,Morgana,Kha'Zix,Thresh,Olaf,Alistar,Karthus,Gragas
Irelia,Zoe,Yasuo,Jayce,Lucian,Draven,Jarvan IV,Kai'Sa,Rek'Sai,Tahm Kench,Ryze,Orianna,Elise,Soraka,LeBlanc,Yorick,Urgot,Sylas,Jinx,Rakan
Irelia,Cassiopeia,Draven,Aatrox,Camille,Akali,Urgot,Galio,Rakan,Xayah,Karthus,Ezreal,Morgana,Sion,Thresh,Xin Zhao,Lee Sin,Leona,Lucian,Ryze
Thresh,Neeko,Nocturne,Lucian,LeBlanc,Zoe,Jayce,Sejuani,Yorick,Tahm Kench,Ezreal,Braum,Jax,Tristana,Ryze,Kai'Sa,Kalista,Orianna,Trundle,Corki
Draven,Karthus,Elise,Urgot,Yasuo,Jayce,Lucian,Cassiopeia,Jarvan IV,Syndra,Braum,Galio,Olaf,LeBlanc,Nocturne,Nunu & Willump,Irelia,Aatrox,Vladimir,Sejuani
Galio,Jayce,Braum,Karthus,Lissandra,LeBlanc,Draven,Alistar,Lucian,Thresh,Rek'Sai,Jarvan IV,Akali,Renekton,Irelia,Poppy,Elise,Camille,Zoe,Syndra
Draven,Karma,Irelia,Xayah,Yuumi,Akali,Sejuani,Yasuo,Kai'Sa,Aatrox,Gangplank,Gragas,Nautilus,Rakan,Braum,Pyke,Vladimir,Thresh,Lucian,Alistar
Lucian,Akali,Kennen,Cassiopeia,Alistar,Vayne,Urgot,Sylas,Kai'Sa,Xayah,Rakan,Braum,Lissandra,Gragas,Ivern,Karthus,Aatrox,Lee Sin,Syndra,LeBlanc
Lissandra,Cassiopeia,Akali,Karthus,Lucian,Urgot,Aatrox,Ezreal,Ryze,Sejuani,Braum,Olaf,Kai'Sa,Thresh,Vayne,Jayce,Gragas,Ornn,Varus,LeBlanc
Karma,Yuumi,Lee Sin,Sona,Rakan,Qiyana,Akali,Aatrox,Ezreal,Sivir,Irelia,Renekton,Sejuani,Elise,Kindred,Gragas,Pyke,Xin Zhao,Nautilus,Karthus
Azir,Mordekaiser,Karma,Olaf,Aatrox,Pyke,Qiyana,Lux,Sylas,Gragas,Yasuo,Akali,Elise,Poppy,Neeko,Gnar,Lucian,Viktor,Sejuani,Gangplank
Thresh,Lucian,Yorick,Sylas,Rek'Sai,Tahm Kench,Ezreal,Zoe,Nocturne,Galio,Jarvan IV,Alistar,Orianna,Jayce,Syndra,Tristana,Sivir,Kennen,LeBlanc,Maokai
Xayah,Sona,Yuumi,Aatrox,Trundle,Ryze,Sylas,Irelia,Sejuani,Skarner,Sivir,Lucian,Gangplank,Alistar,Azir,Braum,Thresh,Nautilus,Akali,Neeko
Riven,Sylas,Sona,Azir,Irelia,Gangplank,Yuumi,Kai'Sa,Akali,Sejuani,Corki,Nautilus,Sivir,Rek'Sai,Ezreal,Gragas,Karthus,Lucian,Aatrox,Tristana
Ezreal,Lucian,Cassiopeia,Urgot,Irelia,Nocturne,Yorick,Thresh,Sejuani,Sivir,Alistar,Jax,Olaf,Draven,Gragas,Kalista,Kai'Sa,Syndra,Lee Sin,Zoe
Jayce,Yuumi,Gangplank,Karma,Sejuani,Sona,Xayah,Jarvan IV,Lux,Rakan,Rek'Sai,Caitlyn,Camille,Aatrox,Irelia,Qiyana,Neeko,Kennen,Azir,Corki
Camille,Akali,Lucian,Urgot,Sion,Cassiopeia,Aatrox,Irelia,Lissandra,Ornn,Jayce,Ezreal,Syndra,Alistar,Zoe,Braum,Tahm Kench,Ryze,Lee Sin,Nocturne
Draven,Cassiopeia,Jayce,Sejuani,Jarvan IV,Kennen,Lucian,Renekton,Braum,Rakan,Aatrox,Akali,Lissandra,Ezreal,LeBlanc,Elise,Karthus,Gragas,Yasuo,Vayne
Xayah,Karma,Yuumi,Sejuani,Sona,Draven,Azir,Jarvan IV,Nautilus,Aatrox,Rek'Sai,Corki,Tahm Kench,Kennen,Ezreal,Ornn,Gangplank,Lucian,Thresh,Kai'Sa
Sivir,Qiyana,Xayah,Olaf,Corki,Lux,Sylas,Karma,Lee Sin,Neeko,Nautilus,Twisted Fate,Irelia,Pyke,Kai'Sa,Braum,Aatrox,Ezreal,Yasuo,Rakan
LeBlanc,Jayce,Rek'Sai,Nocturne,Kalista,Zoe,Jarvan IV,Thresh,Jinx,Xayah,Rakan,Lissandra,Azir,Fiora,Cassiopeia,Jax,Aatrox,Vladimir,Swain,Ryze
Yuumi,Draven,Sona,Irelia,Trundle,Karma,Sejuani,Skarner,Tahm Kench,Aatrox,Yasuo,Akali,Rakan,Poppy,Lux,Jayce,Sivir,Ezreal,Braum,Jax
Sejuani,Rumble,Ezreal,Sivir,Yuumi,Tristana,Xayah,Rakan,Jarvan IV,Irelia,Leona,Kai'Sa,Skarner,Aatrox,Sylas,Jayce,Corki,Gragas,Akali,Poppy
Urgot,Cassiopeia,Galio,Aatrox,Lissandra,Akali,Irelia,Lucian,Karthus,Xayah,Rakan,Sion,Xin Zhao,Alistar,Sejuani,Thresh,Leona,Ivern,Karma,Riven
Cassiopeia,Tahm Kench,Zoe,Rek'Sai,Jayce,Vi,Lissandra,Galio,Nocturne,Thresh,Aatrox,Lucian,Draven,Jax,Kalista,Zilean,Akali,Ezreal,Skarner,Taliyah
Tahm Kench,Lissandra,Akali,Jayce,Rek'Sai,Thresh,Sylas,Braum,Ryze,Sejuani,Galio,Vayne,Kalista,Ivern,Draven,Jarvan IV,Nunu & Willump,Twitch,Irelia,Jax
Rumble,Cassiopeia,Lee Sin,Lucian,Sylas,Akali,Urgot,Ezreal,Jayce,Alistar,Aatrox,Zoe,Sivir,Tahm Kench,Kai'Sa,Gragas,Braum,Vayne,Lissandra,Zilean
Tahm Kench,Karma,Irelia,Sylas,Olaf,Azir,Lux,Jarvan IV,Neeko,Vi,Ezreal,Sivir,Kennen,Pyke,Jayce,Yasuo,Nautilus,Mordekaiser,Twisted Fate,Corki
Draven,Xayah,Corki,Yuumi,Kennen,Azir,Akali,Karma,Twisted Fate,Qiyana,Kai'Sa,Lee Sin,Nautilus,Ezreal,Rakan,Pyke,Tahm Kench,Braum,Gangplank,Varus
Yorick,Lucian,Thresh,Sylas,Sejuani,Galio,Ezreal,Sivir,Jarvan IV,Tahm Kench,Jayce,Braum,LeBlanc,Olaf,Gragas,Zoe,Ornn,Syndra,Lee Sin,Orianna
Draven,Yuumi,Neeko,Karma,Irelia,Qiyana,Mordekaiser,Sejuani,Azir,Olaf,Corki,Vayne,Braum,Camille,Nautilus,Sona,Tahm Kench,Xayah,Rakan,Ashe
Irelia,Aatrox,Yuumi,Sylas,Olaf,Sejuani,Sona,Jayce,Elise,Taric,Hecarim,Lux,Zilean,Ezreal,Camille,Sivir,Caitlyn,Pyke,Ryze,Riven
Yasuo,Lucian,Cassiopeia,Nocturne,Sylas,Tahm Kench,Ezreal,Thresh,Jayce,Galio,Jarvan IV,Kai'Sa,Zoe,Olaf,Orianna,LeBlanc,Sejuani,Viktor,Aatrox,Taliyah
Galio,Lucian,Akali,Irelia,Aatrox,Urgot,Cassiopeia,Sejuani,Karthus,Zac,Sion,Jayce,Ezreal,Darius,Rakan,Swain,Morgana,Sivir,Braum,Vayne
Gragas,Karthus,Draven,Yasuo,Ryze,Lucian,Jayce,Urgot,Ezreal,LeBlanc,Braum,Lissandra,Sivir,Thresh,Olaf,Jarvan IV,Nocturne,Yorick,Elise,Shen
Draven,Ryze,Yuumi,Aatrox,Xayah,Irelia,Sylas,Jayce,Nautilus,Rek'Sai,Rumble,Jarvan IV,Sona,Cassiopeia,Sivir,Azir,Elise,Kai'Sa,Rakan,Lucian
Yuumi,Draven,Aatrox,Irelia,Xayah,Elise,Sylas,Ryze,Rek'Sai,Jarvan IV,Neeko,Sivir,Alistar,Thresh,Kalista,Jayce,Rumble,Lucian,Braum,Rakan
Yuumi,Rumble,Sona,Jayce,Aatrox,Sejuani,Sylas,Irelia,Ryze,Skarner,Lux,Elise,Caitlyn,Tahm Kench,Gangplank,Karma,Sivir,Xayah,Akali,Nautilus
Irelia,Elise,Neeko,Mordekaiser,Yuumi,Sivir,Azir,Corki,Tahm Kench,Olaf,Karma,Lee Sin,Pyke,Jinx,Xayah,Ezreal,Ashe,Braum,Tristana,Ryze
Jayce,Lucian,Kennen,Akali,Draven,Cassiopeia,Urgot,Aatrox,Alistar,Kai'Sa,Morgana,Vayne,Nocturne,Karthus,Lee Sin,Lissandra,Sejuani,Syndra,Zac,Yasuo
Draven,Lucian,Jayce,LeBlanc,Yorick,Lissandra,Zoe,Jarvan IV,Thresh,Alistar,Tristana,Kai'Sa,Nocturne,Syndra,Rek'Sai,Viktor,Kennen,Karma,Lee Sin,Akali
Cassiopeia,Tahm Kench,Kindred,Lucian,Nocturne,Ezreal,Galio,Xayah,Rakan,Kai'Sa,Jayce,Syndra,LeBlanc,Yorick,Jarvan IV,Evelynn,Aatrox,Sejuani,Orianna,Poppy
Draven,Ezreal,Olaf,Lucian,LeBlanc,Thresh,Yasuo,Urgot,Kai'Sa,Sejuani,Alistar,Vladimir,Kennen,Morgana,Jayce,Gragas,Tahm Kench,Sivir,Sylas,Jarvan IV
Draven,Lucian,Kalista,Kennen,Jayce,Vayne,Jarvan IV,Rek'Sai,Ezreal,Lissandra,Kai'Sa,Braum,Galio,Yorick,Vladimir,Renekton,Swain,Elise,Alistar,Poppy
Rumble,Tahm Kench,Irelia,Sivir,Sylas,Karma,Yuumi,Qiyana,Xayah,Ezreal,Twisted Fate,Rakan,Jayce,Yasuo,Aatrox,Skarner,Sejuani,Gragas,Azir,Cassiopeia
Lee Sin,Qiyana,Corki,Olaf,Yuumi,Gragas,Azir,Rakan,Karma,Jarvan IV,Draven,Elise,Morgana,Aatrox,Irelia,Xayah,Twisted Fate,Kennen,Leona,Rengar
Aatrox,Draven,Corki,Yuumi,Sejuani,Azir,Sylas,Jarvan IV,Rakan,Ezreal,Nautilus,Xayah,Tristana,Poppy,Zoe,Irelia,Orianna,Viktor,Jayce,Rumble
Tahm Kench,Yuumi,Sejuani,Akali,Jarvan IV,Qiyana,Irelia,Gragas,Xayah,Karma,Rakan,Nautilus,Elise,Yasuo,Sivir,Azir,Renekton,Ezreal,Xin Zhao,Corki
Irelia,Heimerdinger,Draven,Aatrox,Sona,Ryze,Yuumi,Xayah,Sejuani,Ezreal,Sylas,Rakan,Jarvan IV,Kennen,Olaf,Neeko,Renekton,Lee Sin,Rumble,Azir
Riven,Cassiopeia,Jayce,Neeko,Vladimir,Zoe,Ezreal,Thresh,Draven,Jarvan IV,Tahm Kench,LeBlanc,Syndra,Yorick,Lissandra,Lee Sin,Aatrox,Ryze,Sion,Kennen
Sylas,Cassiopeia,Sion,Akali,Aatrox,Urgot,Lucian,Ezreal,Jayce,Nocturne,Ornn,Braum,LeBlanc,Camille,Rumble,Olaf,Gragas,Kennen,Lissandra,Swain
Karthus,Lucian,Jayce,Urgot,LeBlanc,Zilean,Yasuo,Jarvan IV,Vladimir,Gragas,Kennen,Galio,Tahm Kench,Lissandra,Thresh,Lee Sin,Elise,Ezreal,Braum,Kai'Sa
Azir,Draven,Rakan,Yuumi,Sejuani,Karma,Corki,Jarvan IV,Akali,Skarner,Ezreal,Kai'Sa,Braum,Nautilus,Tahm Kench,Neeko,Thresh,Gangplank,Alistar,Gnar
Nocturne,Cassiopeia,Ezreal,Akali,Aatrox,Lucian,Urgot,Sylas,Alistar,Draven,Morgana,Varus,Sejuani,Olaf,Gragas,Lissandra,Kha'Zix,Nunu & Willump,Syndra,Zoe
Zoe,Cassiopeia,Camille,Akali,Aatrox,Lucian,Alistar,Ezreal,Nocturne,Sivir,Urgot,Sion,Zilean,Braum,Syndra,Ornn,Shen,Lee Sin,Lissandra,Galio
Draven,Neeko,Thresh,Vayne,LeBlanc,Zoe,Rek'Sai,Ashe,Tahm Kench,Braum,Jayce,Yorick,Jax,Nocturne,Ezreal,Syndra,Sejuani,Sivir,Viktor,Vel'Koz
Sivir,Alistar,Rakan,Lucian,Karma,Kennen,Karthus,Urgot,Braum,Sion,Ezreal,Tristana,Pyke,Elise,Lissandra,Ivern,Lee Sin,Thresh,Syndra,Kassadin
Sylas,Karma,Irelia,Akali,Fiddlesticks,Yuumi,Corki,Xayah,Gragas,Caitlyn,Morgana,Tahm Kench,Sejuani,Yasuo,Olaf,Kennen,Zed,Jarvan IV,Renekton,Aatrox
Lissandra,Thresh,Galio,Jarvan IV,Jayce,Lucian,Sejuani,Renekton,Karthus,Aatrox,Alistar,Braum,Cassiopeia,Tristana,Irelia,Ezreal,Vayne,Kalista,Zoe,Neeko
Qiyana,Pyke,Sylas,Rakan,Azir,Yuumi,Karma,Lucian,Sejuani,Corki,Aatrox,Akali,Braum,Camille,Thresh,Blitzcrank,Nautilus,Ivern,Tahm Kench,Kennen
Irelia,Cassiopeia,Lucian,Aatrox,Urgot,Akali,Galio,Xayah,Rakan,Camille,Leona,Sion,Viktor,Kha'Zix,Vladimir,Zoe,Karthus,Sivir,Rumble,Corki
Draven,Olaf,Sejuani,Akali,Xayah,Yuumi,Corki,Sylas,Gragas,Qiyana,Rakan,Nautilus,Kled,Gangplank,Elise,Yasuo,Kai'Sa,Azir,Aatrox,Renekton
Karthus,Urgot,Sylas,Lucian,Yorick,Tristana,Braum,Kennen,Thresh,Jayce,Sivir,Jinx,Lee Sin,Nocturne,Sejuani,Ivern,Jarvan IV,Lissandra,Olaf,Cassiopeia
Draven,Irelia,Ryze,Sona,Aatrox,Sylas,Yuumi,Jayce,Sejuani,Pyke,Neeko,Nautilus,Akali,Kai'Sa,LeBlanc,Sivir,Xayah,Yorick,Elise,Ekko
Zoe,Kindred,Thresh,Yasuo,Jayce,Cassiopeia,Galio,Jarvan IV,Braum,Rek'Sai,Vayne,Jinx,Ryze,LeBlanc,Syndra,Lissandra,Vladimir,Akali,Aatrox,Azir
Irelia,Karma,Nautilus,Sona,Sejuani,Riven,Yuumi,Aatrox,Jarvan IV,Rek'Sai,Ezreal,Sivir,Akali,Twisted Fate,Kennen,Lux,Braum,Azir,Jax,Zoe
Rakan,Karma,Sejuani,Yuumi,Azir,Sylas,Jarvan IV,Corki,Varus,Ezreal,Braum,Thresh,Vel'Koz,Akali,Anivia,Aatrox,Skarner,Tristana,Karthus,Kled
Sona,Aatrox,Yuumi,Akali,Ryze,Neeko,Sylas,Irelia,Xayah,Sejuani,Sivir,Jarvan IV,Jayce,Rakan,Leona,Orianna,Lux,Poppy,Thresh,Vladimir
Varus,Irelia,Aatrox,Taric,Sylas,Yuumi,Ryze,Jayce,Ezreal,Xayah,Rakan,Rek'Sai,Skarner,Akali,Vi,Vel'Koz,Tahm Kench,Pyke,Jarvan IV,Anivia
Yuumi,Akali,Ezreal,Sylas,Karthus,Rakan,Jarvan IV,Aatrox,Braum,Sivir,Nautilus,Kalista,Gangplank,Anivia,Qiyana,Vel'Koz,Gragas,Rumble,Irelia,Tristana
Jayce,Lucian,Zoe,Urgot,Ezreal,Nocturne,Cassiopeia,Alistar,Yasuo,Galio,Sylas,Sejuani,Olaf,Riven,Zac,Jax,Irelia,Kindred,Aatrox,LeBlanc
Qiyana,Rakan,Yasuo,Yuumi,Lucian,Corki,Karma,Pyke,Sejuani,Aatrox,Twisted Fate,Kled,Elise,Irelia,Lee Sin,Sylas,Azir,Gragas,Tahm Kench,Xayah
Irelia,Karma,Sylas,Yuumi,Sejuani,Sona,Jarvan IV,Lux,Aatrox,Kennen,Corki,Ezreal,Sivir,Azir,Varus,Twisted Fate,Zoe,Xayah,Rakan,Olaf
Karthus,Jarvan IV,Braum,Lucian,Ryze,Alistar,Lissandra,Thresh,Aatrox,Nocturne,Galio,Zoe,Kalista,Sivir,Vladimir,Tristana,Kennen,Kai'Sa,Yorick,Vayne
Zoe,Sejuani,Thresh,Sylas,Nocturne,Jayce,Cassiopeia,Jarvan IV,Galio,Alistar,Irelia,Ezreal,Lee Sin,Orianna,Elise,LeBlanc,Syndra,Yasuo,Gragas,Yorick
Yuumi,Irelia,Sona,Ryze,Sylas,Aatrox,Olaf,Neeko,Xayah,Varus,Tahm Kench,Lux,Rumble,Jarvan IV,Jayce,Hecarim,Rek'Sai,Kennen,Anivia,Azir
Yuumi,Sona,Sylas,Aatrox,Rumble,Tahm Kench,Irelia,Ryze,Lux,Draven,Sejuani,Trundle,Thresh,Caitlyn,Akali,Sivir,Ezreal,Nautilus,Neeko,Viktor
Irelia,Karma,Yuumi,Xayah,Gangplank,Sona,Sejuani,Azir,Aatrox,Corki,Kennen,Sylas,Kalista,Ezreal,Kai'Sa,Varus,Sivir,Jinx,Tahm Kench,Pyke
Xayah,Olaf,Sejuani,Azir,Neeko,Yuumi,Sona,Corki,Tahm Kench,Taric,Jarvan IV,Sylas,Kennen,Ezreal,Aatrox,Sivir,Ashe,Gnar,Akali,Irelia
Irelia,Cassiopeia,Xin Zhao,Aatrox,Rakan,Urgot,Lucian,Ezreal,Braum,Pyke,Lee Sin,Sejuani,Swain,Corki,Galio,Hecarim,Lissandra,Sion,Akali,Poppy
Draven,Aatrox,Urgot,Cassiopeia,LeBlanc,Sejuani,Akali,Jayce,Ezreal,Lucian,Braum,Ryze,Jarvan IV,Lee Sin,Nocturne,Thresh,Alistar,Sion,Gragas,Olaf
Thresh,Twisted Fate,Sylas,Syndra,Malzahar,Mordekaiser,Zilean,Yasuo,Evelynn,Kha'Zix,Janna,Fizz,Xayah,Xerath,Draven,Diana,Qiyana,Twitch,Kayn,Bard
Ryze,Aatrox,Jayce,Yuumi,Irelia,Sylas,Taric,Rumble,Xayah,Sona,Jarvan IV,Rakan,Hecarim,Lee Sin,Camille,LeBlanc,Skarner,Azir,Neeko,Lux
Karthus,Lucian,LeBlanc,Lissandra,Nocturne,Jayce,Jarvan IV,Sejuani,Thresh,Kai'Sa,Alistar,Renekton,Kennen,Kalista,Ryze,Jinx,Cassiopeia,Zoe,Vladimir,Yasuo
Jarvan IV,Rumble,Sona,Qiyana,Yuumi,Sylas,Sivir,Karma,Sejuani,Skarner,Tahm Kench,Caitlyn,Cassiopeia,Aatrox,Akali,Irelia,Azir,Corki,Neeko,Braum
Ryze,Jayce,Kennen,Sylas,Gangplank,Vladimir,Lissandra,Tahm Kench,Jinx,Jarvan IV,Aatrox,Rek'Sai,Rakan,Syndra,Braum,Zoe,Urgot,Kog'Maw,Lulu,Cassiopeia
Galio,Aatrox,Lucian,Cassiopeia,Karthus,Irelia,Akali,Urgot,Camille,Rakan,Xayah,Lissandra,Kha'Zix,Alistar,Syndra,Tahm Kench,Ezreal,Xerath,Sejuani,Leona
Draven,Qiyana,Lux,Mordekaiser,Karma,Yasuo,Yuumi,Sejuani,Nautilus,Neeko,Sylas,Irelia,Akali,Kennen,Lucian,Kalista,Sivir,Vayne,Renekton,Vladimir
Camille,Cassiopeia,Lucian,Urgot,Lissandra,Akali,Aatrox,Ezreal,Xin Zhao,Braum,Draven,Tahm Kench,Galio,Fiora,LeBlanc,Irelia,Sion,Syndra,Lee Sin,Orianna
Nocturne,Urgot,Ornn,Lucian,Alistar,Cassiopeia,Ezreal,Zoe,Thresh,Braum,LeBlanc,Kai'Sa,Jarvan IV,Sylas,Olaf,Jayce,Lee Sin,Sion,Karthus,Riven
Thresh,Lucian,Nocturne,Urgot,Ezreal,Cassiopeia,Jayce,Alistar,Zoe,Tahm Kench,Ashe,Sivir,Aurelion Sol,Sion,Sejuani,Lee Sin,Jarvan IV,Olaf,Lissandra,Malphite
Karthus,Yasuo,Sylas,Draven,Lucian,Jayce,Urgot,Ezreal,Braum,Thresh,Sivir,LeBlanc,Lissandra,Jarvan IV,Ryze,Olaf,Lee Sin,Gragas,Corki,Yorick
Yuumi,Sona,Ryze,Sejuani,Aatrox,Olaf,Sylas,Irelia,Gragas,Sivir,Nautilus,Yasuo,Akali,Xayah,Jax,Ezreal,Braum,Poppy,Skarner,Varus
Thresh,Jayce,Sejuani,Lucian,Neeko,Vladimir,Alistar,Ezreal,Tahm Kench,Jarvan IV,Sivir,LeBlanc,Lissandra,Fiora,Ryze,Jax,Nocturne,Aatrox,Syndra,Riven
Akali,Karma,Gragas,Xayah,Irelia,Olaf,Yuumi,Sejuani,Lucian,Ezreal,Aatrox,Fiddlesticks,Sylas,Yasuo,Vladimir,Renekton,Gangplank,Evelynn,Ryze,Zed
LeBlanc,Karma,Sona,Syndra,Yuumi,Sejuani,Lux,Tahm Kench,Irelia,Renekton,Sivir,Skarner,Olaf,Azir,Elise,Ezreal,Lucian,Trundle,Viktor,Neeko
Galio,Thresh,Alistar,Draven,Lucian,Ryze,Braum,Ezreal,Tahm Kench,Tristana,Jarvan IV,LeBlanc,Lissandra,Yorick,Corki,Jayce,Kennen,Vladimir,Karthus,Lee Sin
Yasuo,Yuumi,Qiyana,Karma,Sejuani,Jarvan IV,Tahm Kench,Braum,Lee Sin,Sona,Jayce,Sivir,Viktor,Veigar,Azir,Akali,Vladimir,Corki,Skarner,Malphite
Camille,Cassiopeia,Sion,Aatrox,Akali,Lucian,Lissandra,Urgot,Ezreal,Kai'Sa,Ornn,Zilean,Nocturne,Kindred,Yorick,Braum,Tahm Kench,Kha'Zix,Thresh,Rengar
Ezreal,Nocturne,Olaf,Lucian,Thresh,Draven,Urgot,Sion,Alistar,Ashe,Tahm Kench,Sivir,Sejuani,Yasuo,Karthus,LeBlanc,Gragas,Zac,Anivia,Syndra
Draven,Irelia,Thresh,Cassiopeia,LeBlanc,Jayce,Lissandra,Rek'Sai,Karthus,Nocturne,Alistar,Tahm Kench,Kalista,Yorick,Ryze,Aatrox,Jinx,Kai'Sa,Syndra,Ornn
Yorick,Cassiopeia,Viktor,Jayce,Lucian,Neeko,Alistar,Ashe,Tahm Kench,Irelia,Lissandra,Syndra,Sejuani,Kennen,Ryze,Jax,Zac,Jarvan IV,Rumble,Aatrox
Akali,Cassiopeia,Sion,Ornn,Lucian,Jayce,Urgot,Aatrox,Alistar,Xayah,Rakan,Kai'Sa,Olaf,Lissandra,Galio,Kennen,Gragas,Nunu & Willump,LeBlanc,Syndra
Karma,Yuumi,Sejuani,Qiyana,Xayah,Yasuo,Akali,Sylas,Kai'Sa,Lucian,Kha'Zix,Alistar,Morgana,Kennen,Rakan,Aatrox,Jarvan IV,Poppy,Elise,Mordekaiser
Tahm Kench,Kalista,Jayce,Lissandra,Yorick,Lucian,LeBlanc,Lee Sin,Syndra,Galio,Tristana,Thresh,Rek'Sai,Draven,Nocturne,Irelia,Kai'Sa,Skarner,Kennen,Jarvan IV
Galio,Lucian,Kalista,Urgot,Thresh,Draven,Yasuo,Cassiopeia,Alistar,Ornn,Lee Sin,Vladimir,Sylas,Olaf,Malphite,Jayce,Sejuani,Viktor,Kennen,Irelia
Heimerdinger,Draven,Aatrox,Sylas,Irelia,Yuumi,Sona,Ryze,Xayah,Tahm Kench,Jayce,Rakan,Elise,Sejuani,Gragas,Jarvan IV,Lee Sin,Kindred,Azir,Rumble
Ryze,Sona,Xayah,Yuumi,Elise,Aatrox,Sejuani,Sylas,Skarner,Irelia,Tahm Kench,Sivir,Draven,Akali,Varus,Nautilus,Braum,Ashe,Kennen,Rumble
Irelia,Cassiopeia,Lucian,Rakan,Galio,Jayce,Aatrox,Urgot,Thresh,Alistar,Kai'Sa,Ezreal,Sion,LeBlanc,Sejuani,Xin Zhao,Kha'Zix,Akali,Karthus,Lissandra
Ryze,Aatrox,Yuumi,Sejuani,Sylas,Irelia,Taric,Varus,Rek'Sai,Sona,Hecarim,Zyra,Akali,Neeko,Yasuo,LeBlanc,Rumble,Zilean,Jayce,Orianna
Braum,Jayce,Kennen,Jarvan IV,Karthus,Lucian,Galio,Cassiopeia,Thresh,LeBlanc,Draven,Lissandra,Irelia,Nocturne,Neeko,Lee Sin,Renekton,Olaf,Rek'Sai,Riven
Lissandra,Sylas,Zoe,Lucian,Thresh,Alistar,Urgot,Jayce,Ezreal,Braum,Sivir,Gragas,Karthus,Sejuani,Nocturne,Olaf,Lee Sin,Corki,Poppy,Ryze
Rek'Sai,Lissandra,Nocturne,Sylas,LeBlanc,Jayce,Akali,Kalista,Braum,Xayah,Rakan,Syndra,Irelia,Gangplank,Skarner,Kennen,Sejuani,Jarvan IV,Galio,Poppy
Rumble,Karma,Irelia,Aatrox,Olaf,Yuumi,Sejuani,Lux,Skarner,Sona,Tahm Kench,Caitlyn,Camille,LeBlanc,Gangplank,Twisted Fate,Azir,Jayce,Akali,Sylas
Qiyana,Karma,Sejuani,Yuumi,Irelia,Rakan,Corki,Aatrox,Sylas,Pyke,Lee Sin,Nautilus,Mordekaiser,Kai'Sa,Twisted Fate,Jarvan IV,Lucian,Cassiopeia,Gangplank,Yasuo
Irelia,Karma,Sona,Qiyana,Tahm Kench,Azir,Yuumi,Lux,Jarvan IV,Corki,Lucian,Veigar,Sejuani,Kennen,Sylas,Aatrox,Ezreal,Gangplank,Xin Zhao,Jayce
Karthus,Vladimir,LeBlanc,Kalista,Braum,Jayce,Sylas,Ezreal,Nocturne,Sivir,Thresh,Ryze,Lissandra,Galio,Olaf,Blitzcrank,Tahm Kench,Kennen,Jarvan IV,Zoe
Ezreal,Cassiopeia,Urgot,Lucian,Sylas,Jayce,Alistar,Sion,Tahm Kench,Sivir,Rumble,Jinx,Olaf,Ivern,Nocturne,Viktor,Jarvan IV,Lee Sin,Corki,Kassadin
Irelia,Aatrox,Yuumi,Taric,Ryze,Sylas,Jayce,Nautilus,Xayah,Rumble,Lee Sin,Sejuani,Sivir,LeBlanc,Kai'Sa,Rakan,Poppy,Varus,Braum,Twisted Fate
Irelia,Karma,Aatrox,Yuumi,Jarvan IV,Sejuani,Sona,Corki,Xayah,Tahm Kench,Twisted Fate,Rakan,Olaf,Fiora,Azir,Skarner,Elise,Kled,Sylas,Poppy
Karthus,Akali,Anivia,Sylas,Fiora,Yuumi,Aatrox,Ezreal,Gangplank,Sivir,Jarvan IV,Braum,Nautilus,Sejuani,Thresh,Olaf,Lee Sin,Bard,Taliyah,Corki
Draven,Lucian,Kalista,Lissandra,Karthus,Jarvan IV,Jayce,LeBlanc,Rek'Sai,Braum,Gragas,Yorick,Jax,Thresh,Syndra,Galio,Tahm Kench,Ezreal,Renekton,Sivir
Irelia,Karma,Lux,Sejuani,Tahm Kench,Yuumi,Xayah,Jarvan IV,Taric,Rakan,Gragas,Sona,Twisted Fate,Gangplank,Kennen,Aatrox,Jayce,Ornn,Corki,Zoe
Rakan,Sejuani,Corki,Azir,Akali,Yuumi,Sylas,Ezreal,Jarvan IV,Aatrox,Braum,Karma,Zoe,Twisted Fate,Kai'Sa,Viktor,Bard,Tristana,Rek'Sai,Renekton
Galio,Cassiopeia,Zilean,Aatrox,Morgana,Lucian,Urgot,Sion,Rakan,Alistar,Kai'Sa,Xayah,LeBlanc,Nocturne,Xin Zhao,Sejuani,Karthus,Lissandra,Gragas,Zoe
Draven,Twisted Fate,Yasuo,Aatrox,Sylas,Mordekaiser,Karma,Lucian,Yuumi,Xayah,Rakan,Azir,Renekton,Qiyana,Irelia,Olaf,Jarvan IV,Corki,Lee Sin,Rumble
Irelia,Akali,Tahm Kench,Thresh,Jayce,Galio,Alistar,Rek'Sai,Braum,Lissandra,Kalista,Syndra,LeBlanc,Ezreal,Zed,Ryze,Lucian,Nocturne,Vladimir,Neeko
Nocturne,Urgot,Yorick,Alistar,Yasuo,Lucian,Ezreal,Kai'Sa,Braum,Sylas,Tahm Kench,Jayce,Cassiopeia,Kindred,Jarvan IV,Syndra,Zoe,Orianna,Sejuani,Zac
Sejuani,Yuumi,Azir,Gragas,Jarvan IV,Qiyana,Rakan,Olaf,Karma,Yasuo,Tristana,Ezreal,Elise,Nautilus,Sylas,Aatrox,Braum,Annie,Lee Sin,Poppy
Draven,Ezreal,Karma,Rumble,Fiddlesticks,Xayah,Yuumi,Lucian,Corki,Aatrox,Sivir,Alistar,Sylas,Jarvan IV,Evelynn,Gangplank,Gragas,Sejuani,Akali,Renekton
Draven,Twisted Fate,Qiyana,Aatrox,Fiddlesticks,Rakan,Yuumi,Lucian,Karma,Corki,Lee Sin,Sylas,Ezreal,Braum,Irelia,Pyke,Volibear,Garen,Jayce,Olaf
Sylas,Olaf,Draven,Sejuani,Yuumi,Azir,Xayah,Karma,Rakan,Skarner,Corki,Tristana,Kled,Elise,Renekton,Jarvan IV,Lee Sin,Nautilus,Aatrox,Ezreal
Yorick,Lucian,Nocturne,Jayce,Thresh,Sylas,Ezreal,Sivir,Braum,Alistar,Riven,Sejuani,LeBlanc,Renekton,Jarvan IV,Poppy,Zoe,Orianna,Olaf,Jax
Irelia,Jayce,Yuumi,Rumble,Aatrox,Ryze,Sylas,Taric,Akali,Xayah,Rakan,Sona,Neeko,Hecarim,Kennen,Kindred,Rek'Sai,Lee Sin,Pyke,Camille
Yuumi,Rumble,Sona,Sylas,Sejuani,Ryze,Aatrox,Irelia,Gragas,Xayah,Rakan,Lux,Olaf,Sivir,Skarner,Ezreal,Caitlyn,Gangplank,Neeko,Twisted Fate
Rumble,Karma,Sejuani,Yuumi,LeBlanc,Azir,Aatrox,Irelia,Lux,Olaf,Nautilus,Sivir,Kalista,Gragas,Lucian,Trundle,Jarvan IV,Xayah,Neeko,Twisted Fate
LeBlanc,Braum,Jayce,Galio,Akali,Lissandra,Lucian,Ryze,Alistar,Karthus,Rakan,Jarvan IV,Renekton,Kalista,Aatrox,Draven,Cassiopeia,Irelia,Gangplank,Zed
Lucian,Cassiopeia,Lissandra,Urgot,Akali,Zoe,Aatrox,Sion,Ezreal,Kai'Sa,Braum,Tahm Kench,Vladimir,Orianna,LeBlanc,Syndra,Camille,Lee Sin,Viktor,Zilean
Draven,Sona,Rakan,Yuumi,Rek'Sai,Jayce,Galio,Irelia,Ryze,Aatrox,Sylas,Braum,Kai'Sa,Ezreal,Sivir,Sejuani,Xayah,Hecarim,Varus,Vi
Irelia,Karma,Yasuo,Tahm Kench,Jarvan IV,Yuumi,Sejuani,Lux,Trundle,Aatrox,Corki,Sivir,Sona,Zoe,Xayah,Twisted Fate,Jayce,Lucian,Braum,Veigar
Ezreal,Draven,Olaf,Lucian,Sion,Cassiopeia,Urgot,Aatrox,Gragas,Ashe,Thresh,Sivir,Karthus,Alistar,Zac,LeBlanc,Tahm Kench,Lee Sin,Orianna,Syndra
Yuumi,Karma,Sona,Tahm Kench,Irelia,Sejuani,Aatrox,Jayce,Lux,Sivir,Nautilus,Caitlyn,Akali,Jarvan IV,Olaf,Twisted Fate,Skarner,Trundle,Anivia,Azir
Heimerdinger,Sylas,Irelia,Xayah,Yuumi,Ryze,Aatrox,Sejuani,Jayce,Elise,Rumble,Renekton,Nautilus,Sona,Kai'Sa,Sivir,Tahm Kench,Vayne,Braum,Jinx
Irelia,Azir,Mordekaiser,Karma,Elise,Qiyana,Akali,Rakan,Gragas,Lux,Skarner,Sylas,Caitlyn,Xayah,Lucian,Neeko,Sivir,Kai'Sa,Gnar,Gangplank
Olaf,Sona,Irelia,Camille,Ryze,Sylas,Aatrox,Kennen,Yuumi,Sivir,Nautilus,Lucian,Sejuani,LeBlanc,Skarner,Jarvan IV,Hecarim,Nocturne,Rumble,Zilean
Ryze,Karthus,Jayce,Braum,LeBlanc,Urgot,Zoe,Draven,Jarvan IV,Lucian,Sylas,Ekko,Poppy,Galio,Aatrox,Kennen,Thresh,Blitzcrank,Ornn,Elise
Sylas,Jayce,Cassiopeia,Yasuo,LeBlanc,Thresh,Lucian,Ezreal,Braum,Alistar,Zoe,Viktor,Nocturne,Jarvan IV,Olaf,Rek'Sai,Zac,Gragas,Ryze,Riven
Lissandra,Cassiopeia,Lucian,Urgot,Akali,Sion,Aatrox,Ryze,Kai'Sa,Sivir,Alistar,Gragas,Yasuo,Jayce,Irelia,LeBlanc,Kennen,Olaf,Rumble,Camille
Ryze,Karthus,Thresh,Lucian,Zoe,Braum,Lissandra,Tahm Kench,Cassiopeia,Nocturne,Ezreal,Olaf,Alistar,Sivir,Galio,Sion,Urgot,Pyke,Yorick,Kai'Sa
Lissandra,Cassiopeia,Irelia,Akali,Jayce,Lucian,Urgot,Aatrox,Ornn,Camille,Ezreal,Kai'Sa,Galio,LeBlanc,Zilean,Gragas,Kha'Zix,Braum,Syndra,Zoe
Ryze,Jayce,Rek'Sai,Sylas,Lissandra,Kennen,Tahm Kench,Braum,Lucian,Varus,Jarvan IV,Akali,Gangplank,Sejuani,LeBlanc,Skarner,Kindred,Vladimir,Orianna,Zilean
Akali,Cassiopeia,Irelia,Aatrox,Draven,Rakan,Galio,Urgot,Lucian,Ezreal,Camille,Olaf,Alistar,Thresh,Tahm Kench,Braum,Morgana,Ornn,Sion,Vladimir
Irelia,Olaf,Yasuo,Karma,Mordekaiser,Azir,Corki,Sona,Tahm Kench,Sylas,Aatrox,Qiyana,Sivir,Camille,Rakan,Gangplank,Elise,Caitlyn,Lux,Jax
Karthus,Sylas,Nautilus,Karma,Tristana,Yuumi,Ezreal,Aatrox,Braum,Corki,Sejuani,Kai'Sa,Camille,Twisted Fate,Irelia,Gragas,Trundle,Rakan,Poppy,Vel'Koz
Akali,Cassiopeia,Galio,Aatrox,Irelia,Lissandra,Urgot,Sion,Alistar,Lucian,Viktor,Ezreal,Rakan,Syndra,Braum,Zoe,Camille,Thresh,Olaf,Zilean
Yasuo,Yuumi,Xayah,Tahm Kench,Qiyana,Akali,Sejuani,Rakan,Gragas,Renekton,Lucian,Draven,Nautilus,Irelia,Braum,LeBlanc,Sylas,Lee Sin,Zilean,Quinn
Sejuani,Karma,Nautilus,Yuumi,Irelia,Sona,Lux,Jarvan IV,Sivir,Rumble,Qiyana,Twisted Fate,Sylas,Thresh,Lee Sin,Aatrox,Tahm Kench,Rek'Sai,Lucian,Azir
Sejuani,Draven,Qiyana,Xayah,Corki,Yuumi,Akali,Sylas,Kai'Sa,Nautilus,Tristana,Rakan,Gangplank,Lee Sin,Skarner,Karma,Jarvan IV,Gragas,Aatrox,Renekton
Aatrox,Sejuani,Rakan,Sona,Irelia,Draven,Yuumi,Sylas,Sivir,Ryze,Xayah,Rek'Sai,Elise,Thresh,Rumble,Blitzcrank,Pyke,Kennen,Olaf,Twisted Fate
Yorick,Lucian,Thresh,Ezreal,Cassiopeia,Sylas,Urgot,Olaf,Sion,Nocturne,Zoe,Ahri,Zilean,Kalista,Braum,Alistar,Ornn,Xayah,Rakan,Kai'Sa
Aatrox,Sona,Rakan,Sejuani,Sivir,Yasuo,Yuumi,Karma,Pyke,Ezreal,Akali,Twisted Fate,Jarvan IV,Shen,Rek'Sai,Lee Sin,Gragas,Irelia,Olaf,Renekton
Irelia,Karma,Camille,Sona,Olaf,Azir,Aatrox,Yuumi,Sejuani,Xayah,Rakan,Sivir,Trundle,Poppy,Skarner,Neeko,Jayce,Jarvan IV,Akali,Vladimir
Yorick,Draven,Kalista,Jayce,Nocturne,Renekton,Lucian,Lissandra,Thresh,Jarvan IV,Ryze,Jinx,Braum,Aatrox,Elise,Poppy,Rek'Sai,Galio,Lee Sin,Jax
Sona,Olaf,Twisted Fate,Sejuani,Karma,Yuumi,Lux,Tahm Kench,Jarvan IV,Sylas,Ezreal,Sivir,Qiyana,Azir,Irelia,Akali,Corki,Viktor,Aatrox,Rumble
Rakan,Corki,Yasuo,Yuumi,Aatrox,Sylas,Akali,Ezreal,Sejuani,Sivir,Jarvan IV,Kled,Poppy,Braum,Nautilus,Vladimir,Alistar,Tahm Kench,Azir,Irelia
Swain,Cassiopeia,Akali,Karthus,Lucian,Aatrox,Urgot,Xin Zhao,Irelia,Nocturne,Lissandra,Ryze,Morgana,Vayne,Tahm Kench,Rakan,Alistar,Braum,Kai'Sa,Ezreal
Lucian,Cassiopeia,Irelia,Aatrox,Galio,,Urgot,Rakan,Lissandra,Tahm Kench,Akali,Sion,Ezreal,Xayah,Caitlyn,Kalista,Draven,Varus,Xin Zhao,Lee Sin
Cassiopeia,Aatrox,Irelia,Ezreal,Rakan,Camille,Urgot,Lucian,Xin Zhao,Kha'Zix,Galio,Braum,Thresh,Corki,Tristana,Lissandra,Swain,Jhin,Alistar,Vayne
Poppy,Sona,Olaf,Sylas,Sejuani,Aatrox,Akali,Ryze,Yuumi,Gragas,Yasuo,Sivir,Rakan,Lissandra,Alistar,Kennen,Skarner,Ezreal,Braum,Gangplank
Irelia,Mordekaiser,Rakan,Sylas,Olaf,Karma,Azir,Corki,Tahm Kench,Braum,Varus,Ashe,Neeko,Sejuani,Gnar,Elise,Jarvan IV,Xin Zhao,Vladimir,Rumble
Ryze,Sylas,Draven,Jayce,Cassiopeia,Urgot,Akali,Lucian,Braum,Ezreal,Thresh,LeBlanc,Viktor,Lee Sin,Xin Zhao,Camille,Olaf,Jarvan IV,Karthus,Rumble
Akali,Cassiopeia,Lucian,Aatrox,Urgot,Galio,Irelia,Camille,Rakan,Kha'Zix,Lissandra,Sion,Alistar,Syndra,Tahm Kench,Xayah,Zoe,Kai'Sa,Ornn,Sivir
Lux,Karma,Sejuani,Yuumi,Sylas,Tahm Kench,Jarvan IV,Rakan,Lee Sin,Xayah,Thresh,Ezreal,Neeko,Azir,Jayce,Corki,Aatrox,Kennen,LeBlanc,Lissandra
Irelia,Yuumi,Jayce,Sona,Viktor,Riven,Karma,Jarvan IV,Lux,Xayah,Rakan,Sivir,Azir,Diana,Sejuani,Qiyana,Ryze,Corki,Rek'Sai,Cassiopeia
Jarvan IV,Yasuo,Galio,Cassiopeia,Draven,Lucian,Karthus,Urgot,Alistar,Yorick,Braum,Kai'Sa,Ezreal,Irelia,LeBlanc,Sejuani,Ivern,Zoe,Tristana,Orianna
Irelia,Qiyana,Yasuo,Yuumi,Sylas,Draven,Xayah,Rakan,Azir,Karma,Corki,Lucian,Nautilus,Sejuani,Olaf,Kled,Gragas,Lee Sin,Fiddlesticks,Garen
Lucian,Cassiopeia,Urgot,Aatrox,Jayce,Zoe,Akali,Galio,Rakan,Morgana,Draven,Xayah,Vayne,Xin Zhao,Irelia,LeBlanc,Sion,Sejuani,Olaf,Nocturne
Irelia,Qiyana,Draven,Akali,Fiddlesticks,Sejuani,Yuumi,Xayah,Gragas,Sylas,Lucian,Yasuo,Azir,Rakan,Renekton,Alistar,Volibear,Aatrox,Skarner,Jax
Riven,Karma,Irelia,Yuumi,Sona,Jayce,Sejuani,Lux,Sylas,Corki,Aatrox,Azir,Xayah,Ezreal,Tahm Kench,Sivir,Jax,Braum,Varus,Caitlyn
Zoe,Jayce,Kalista,Cassiopeia,Irelia,Sylas,Lissandra,Ryze,Lucian,Xayah,Rakan,Galio,Rumble,Aatrox,Nocturne,Riven,Skarner,Elise,Vayne,Akali
Draven,Lucian,Jayce,Cassiopeia,Alistar,Jarvan IV,Kalista,Ashe,Tahm Kench,Thresh,Lissandra,Swain,Aatrox,Irelia,Vladimir,Rek'Sai,Kennen,Yorick,Sejuani,Skarner
LeBlanc,Jayce,Neeko,Zoe,Lucian,Kindred,Syndra,Alistar,Lissandra,Aatrox,Galio,Jarvan IV,Nocturne,Jax,Tristana,Fiora,Ezreal,Corki,Sejuani,Vladimir
Aatrox,Sona,Sejuani,Elise,Yuumi,Irelia,Sylas,Tahm Kench,Neeko,Jarvan IV,Sivir,Lee Sin,Braum,Ryze,Lux,Jayce,Ezreal,Rakan,Viktor,Kennen
Galio,Tahm Kench,Irelia,Cassiopeia,Rakan,Akali,Aatrox,Urgot,Lucian,Ezreal,Braum,Karthus,Xin Zhao,LeBlanc,Kennen,Thresh,Alistar,Jayce,Sejuani,Lissandra
Sylas,Draven,Cassiopeia,Thresh,Olaf,Jayce,Lucian,Urgot,Braum,Shen,Sion,Ezreal,Zoe,LeBlanc,Sejuani,Yasuo,Corki,Ryze,Lee Sin,Pantheon
Irelia,Xayah,Sejuani,Yuumi,Olaf,Karma,Corki,Azir,Skarner,Nautilus,Gragas,Rakan,Kennen,Sivir,Draven,Vladimir,Ezreal,Kai'Sa,Gangplank,Kled
Corki,Sylas,Morgana,Sejuani,Nautilus,Karma,Yuumi,Tahm Kench,Jarvan IV,Gragas,Ezreal,Sona,Irelia,Azir,Yasuo,Poppy,Kennen,Qiyana,Aatrox,Twisted Fate
Draven,Heimerdinger,Sejuani,Irelia,Yuumi,Aatrox,Sylas,Ryze,Xayah,Sivir,Jarvan IV,Rakan,Lux,Kennen,Rumble,Skarner,Elise,Jayce,Braum,Poppy
Draven,Cassiopeia,Jayce,Aatrox,Akali,Lucian,Urgot,Kennen,Kai'Sa,Alistar,Sivir,Morgana,Lissandra,LeBlanc,Olaf,Galio,Sejuani,Gragas,Yasuo,Irelia
Draven,Cassiopeia,Akali,Lucian,Varus,Urgot,Karthus,Jayce,Alistar,Aatrox,Tahm Kench,Kai'Sa,Ezreal,Olaf,Viktor,Sylas,Kennen,Syndra,Jhin,Zac
Neeko,Sona,Irelia,Karma,Azir,Yuumi,Mordekaiser,Aatrox,Tahm Kench,Olaf,Syndra,Akali,Lux,Jarvan IV,Xayah,Sylas,Lee Sin,Lucian,Braum,Ezreal
Yasuo,Lucian,Yorick,Urgot,Cassiopeia,Sion,Ezreal,Jayce,Sylas,Tahm Kench,Jarvan IV,Sejuani,Gragas,Vayne,Nocturne,Sivir,Kai'Sa,Orianna,Trundle,Thresh
Jayce,Aatrox,Karthus,Lissandra,Cassiopeia,Akali,Lucian,Ezreal,Urgot,Braum,Kennen,Thresh,Xin Zhao,Ryze,Camille,Syndra,Sejuani,LeBlanc,Lee Sin,Viktor
Lux,Yuumi,Ryze,Aatrox,Sona,Sylas,Sejuani,Xayah,Rakan,Nautilus,Irelia,Trundle,Sivir,LeBlanc,Neeko,Akali,Gangplank,Ezreal,Azir,Orianna
Riven,Sylas,Corki,Karma,Azir,Lux,Yuumi,Sejuani,Kai'Sa,Jarvan IV,Ezreal,Nautilus,Camille,Irelia,Poppy,Qiyana,Aatrox,Kled,Twisted Fate,Yasuo
Cassiopeia,Tahm Kench,Irelia,Kai'Sa,Jayce,LeBlanc,Lissandra,Alistar,Ryze,Rek'Sai,Braum,Elise,Ezreal,Neeko,Jinx,Gangplank,Lucian,Vayne,Syndra,Orianna
Twisted Fate,Karma,Irelia,Sona,Neeko,Vladimir,Sejuani,Aatrox,Jarvan IV,Yuumi,Lucian,Nautilus,Gangplank,Kalista,Kennen,Yasuo,Draven,Corki,Fiora,Azir
Syndra,Jayce,Ezreal,Lucian,Karthus,Galio,Sylas,Thresh,Rek'Sai,Kai'Sa,Alistar,LeBlanc,Elise,Tristana,Lissandra,Vayne,Jinx,Jarvan IV,Irelia,Poppy
Irelia,Olaf,Sylas,Ryze,Yuumi,Aatrox,Neeko,Xayah,Akali,Sona,Taric,Jayce,Hecarim,Rakan,Camille,Lux,Gragas,Jarvan IV,Azir,Veigar
Olaf,Yuumi,Corki,Yasuo,Irelia,Xayah,Sejuani,Kai'Sa,Sylas,Qiyana,Akali,Renekton,Cassiopeia,Kled,Lucian,Gangplank,Elise,Varus,Tahm Kench,Pyke
Karthus,Alistar,Ryze,Akali,Sylas,Braum,Cassiopeia,Urgot,Lucian,Thresh,Sion,LeBlanc,Lissandra,Ornn,Corki,Olaf,Pyke,Kennen,Xin Zhao,Nocturne
Irelia,Yuumi,Sona,Rumble,LeBlanc,Aatrox,Sylas,Ryze,Sejuani,Xayah,Rakan,Gangplank,Kennen,Morgana,Rek'Sai,Nautilus,Tahm Kench,Trundle,Syndra,Ezreal
Ryze,Aatrox,Draven,Irelia,Sylas,Yuumi,Sejuani,Olaf,Taric,Sona,Tahm Kench,Sivir,Neeko,Renekton,LeBlanc,Gangplank,Jayce,Camille,Jarvan IV,Azir
Ezreal,Karma,Sejuani,Sona,Sylas,Rakan,Yuumi,Draven,Jarvan IV,Lucian,Aatrox,Nautilus,Skarner,Twisted Fate,Trundle,Vladimir,Corki,Yasuo,Gragas,Poppy
Jarvan IV,Jayce,Braum,Galio,Kled,LeBlanc,Lucian,Alistar,Sylas,Zoe,Thresh,Ezreal,Kennen,Karthus,Lee Sin,Nocturne,Olaf,Irelia,Rek'Sai,Jax
Sion,Urgot,Tahm Kench,Akali,Zilean,Cassiopeia,Aatrox,Lucian,Ornn,Ezreal,Braum,Thresh,Zoe,Syndra,Lissandra,Orianna,Xin Zhao,Ryze,Camille,Viktor
Lucian,Galio,Aatrox,Cassiopeia,Irelia,Draven,Urgot,Lissandra,Thresh,Sejuani,Yasuo,Ezreal,Rakan,LeBlanc,Alistar,Kha'Zix,Olaf,Viktor,Tahm Kench,Kennen
Irelia,Draven,Cassiopeia,Jayce,LeBlanc,Thresh,Braum,Galio,Lissandra,Aatrox,Vayne,Kalista,Karthus,Yorick,Zoe,Ryze,Rek'Sai,Swain,Poppy,Vladimir
Karthus,Jayce,Tahm Kench,Sylas,Swain,Rek'Sai,Lissandra,Ryze,Braum,Rakan,Nocturne,Jarvan IV,Xayah,Akali,Riven,,Lucian,Ezreal,Irelia,Poppy
Irelia,Aatrox,Karthus,Galio,Akali,Rakan,Cassiopeia,Urgot,Zoe,Sion,Lucian,Ezreal,Tahm Kench,Xin Zhao,Gragas,Nocturne,Alistar,Braum,Lee Sin,Nunu & Willump
Twisted Fate,Qiyana,Yuumi,Nautilus,Xayah,Sylas,Corki,Kai'Sa,Rakan,Gangplank,Sejuani,Gragas,Volibear,Aatrox,Lucian,Akali,Urgot,Tristana,Alistar,Cassiopeia
Sona,Pyke,Yasuo,Rakan,Sejuani,Karma,Yuumi,Sivir,Jarvan IV,Aatrox,Corki,Lux,Elise,Kennen,Gragas,Irelia,Akali,Ezreal,Lee Sin,Poppy
Lux,Karma,Sylas,Sona,Sejuani,Yuumi,Jarvan IV,Tahm Kench,Elise,Xayah,Rakan,Ezreal,Aatrox,Corki,Jayce,Irelia,Azir,Akali,Gangplank,Renekton
Irelia,Jayce,Yuumi,Sona,Sejuani,Olaf,Aatrox,Sylas,Xayah,Ryze,Skarner,Riven,Sivir,Rakan,Ezreal,Elise,Rek'Sai,Caitlyn,Lux,Nautilus
Zilean,Lucian,Sylas,Lissandra,Jarvan IV,Galio,Karthus,Ezreal,Braum,Alistar,Kai'Sa,Zoe,LeBlanc,Elise,Syndra,Jayce,Sejuani,Kennen,Orianna,Renekton
Karthus,Jayce,Irelia,LeBlanc,Neeko,Draven,Lucian,Ryze,Galio,Jarvan IV,Lissandra,Kalista,Alistar,Syndra,Braum,Renekton,Lee Sin,Rek'Sai,Trundle,Camille
Yuumi,Draven,Elise,Jarvan IV,Renekton,Irelia,Aatrox,Ryze,Xayah,Sylas,Lux,Rakan,Sejuani,Jayce,Ezreal,Rek'Sai,Lee Sin,Sivir,Skarner,Jax
Sejuani,Azir,Corki,Akali,Yuumi,Xayah,Karma,Neeko,Jarvan IV,Qiyana,Nautilus,Tahm Kench,Kai'Sa,Tristana,Lucian,Aatrox,Ezreal,Sivir,Sylas,Irelia
Lux,Karma,Irelia,Sona,Xayah,Sejuani,Aatrox,Yuumi,Jarvan IV,Nautilus,Sivir,Ezreal,Elise,Shen,Olaf,Gangplank,Azir,Skarner,Corki,Gnar
Jayce,Draven,Thresh,Lucian,Lissandra,LeBlanc,Kalista,Alistar,Jarvan IV,Sejuani,Braum,Tristana,Irelia,Ryze,Renekton,Yorick,Kennen,Yasuo,Vladimir,Zoe
Twisted Fate,Yuumi,Azir,Karma,Cassiopeia,Sejuani,Corki,Aatrox,Elise,Camille,Jarvan IV,Lucian,Tahm Kench,Braum,Ezreal,Nautilus,Morgana,Nami,Caitlyn,Pyke
Tahm Kench,Lucian,Yasuo,Cassiopeia,Thresh,Nocturne,Ezreal,Kalista,Alistar,Braum,Jarvan IV,Urgot,Yorick,Orianna,Zoe,Karthus,Lee Sin,Corki,Sion,Viktor
Karthus,Jayce,Zoe,Yasuo,Draven,Lucian,Urgot,Ezreal,Aatrox,Braum,Olaf,LeBlanc,Lissandra,Alistar,Ryze,Shen,Pyke,Sivir,Corki,Lee Sin
Irelia,Yuumi,Sona,Akali,Karma,Rakan,Sejuani,Braum,Ashe,Sivir,Nautilus,Nunu & Willump,Aatrox,Corki,Azir,Poppy,Anivia,Zed,Sylas,Volibear
Corki,Yuumi,Azir,Sona,Karma,Sejuani,Akali,Xayah,Rakan,Caitlyn,Morgana,Jarvan IV,Skarner,Sylas,Rek'Sai,Kennen,Aatrox,Trundle,Gangplank,Zoe
Karthus,Cassiopeia,Sylas,Braum,Kennen,Alistar,Lucian,Akali,Thresh,Lissandra,Urgot,Aatrox,Morgana,Ezreal,Lee Sin,Sejuani,Ashe,Pyke,Gragas,Nocturne
Irelia,Karma,Azir,Yuumi,Neeko,Sejuani,Tahm Kench,Sona,Jarvan IV,Sylas,Varus,Corki,Jayce,Taric,Qiyana,Braum,Rek'Sai,Aatrox,Vel'Koz,Riven
Galio,Aatrox,Akali,Irelia,Lucian,Sejuani,Cassiopeia,Urgot,Rakan,Draven,Morgana,Zoe,Kha'Zix,Nocturne,Xin Zhao,Yasuo,Karthus,Gragas,Sion,Jayce
Nocturne,Jayce,Jinx,Galio,Ryze,Lissandra,LeBlanc,Braum,Corki,Rek'Sai,Vayne,Skarner,Thresh,Vladimir,Tahm Kench,Yorick,Ezreal,Rakan,Kennen,Aatrox
Olaf,Yuumi,Elise,Aatrox,Xayah,Nautilus,Sejuani,Irelia,Ryze,Sylas,Renekton,Trundle,Alistar,Sona,Kalista,Sivir,Thresh,Ezreal,Braum,Vayne
Draven,Rakan,Yuumi,Sona,Karma,Sejuani,Neeko,Irelia,Lux,Olaf,Sivir,Jarvan IV,Nautilus,Kalista,Thresh,Xayah,Ezreal,Kennen,Braum,Viktor
Urgot,Akali,Lissandra,Cassiopeia,Karthus,Braum,Lucian,Aatrox,Ryze,LeBlanc,Jayce,Alistar,Gragas,Nocturne,Thresh,Ezreal,Viktor,Olaf,Pyke,Shen
Riven,Neeko,Irelia,Jayce,Zoe,Yorick,Alistar,Braum,Jinx,Sejuani,Aatrox,Lissandra,Swain,Fiora,Corki,Jarvan IV,Jax,Tristana,Ryze,Kindred
Qiyana,Karma,Yasuo,Yuumi,Irelia,Ezreal,Neeko,Xayah,Sylas,Azir,Tahm Kench,Rakan,Ashe,Mordekaiser,Caitlyn,Aatrox,Viktor,Xin Zhao,Jinx,Talon
Thresh,Sylas,Irelia,Jayce,Ezreal,Lucian,Cassiopeia,Varus,Tahm Kench,Galio,Kindred,Zoe,Zilean,Riven,Ornn,Jax,Gragas,Aatrox,Viktor,Neeko
Alistar,Cassiopeia,Lucian,Urgot,Jayce,Sion,Akali,Lissandra,Caitlyn,Aatrox,Lee Sin,Rumble,Kai'Sa,Camille,Xayah,Xin Zhao,Olaf,Sivir,Braum,Lulu
Sejuani,Yuumi,Sona,Ryze,Draven,Irelia,Sylas,Aatrox,Xayah,Sivir,Rakan,Lux,Neeko,Elise,Lee Sin,Jarvan IV,Rek'Sai,Gragas,Shen,Kennen
Irelia,Lucian,Nocturne,Sylas,Yorick,Ezreal,Urgot,Thresh,Olaf,Alistar,Cassiopeia,Sion,Corki,Draven,Yasuo,LeBlanc,Zoe,Jayce,Gragas,Kalista
Twisted Fate,Sejuani,Sona,Karma,Lux,Vladimir,Yuumi,Yasuo,Gragas,Sivir,Aatrox,Jarvan IV,Skarner,Irelia,Azir,Akali,Kennen,Corki,Sylas,Cassiopeia
Lucian,Cassiopeia,Morgana,Draven,Sylas,Thresh,Urgot,Ezreal,Sion,Kai'Sa,Camille,Braum,Alistar,Irelia,LeBlanc,Yasuo,Sejuani,Ryze,Fiddlesticks,Syndra
Rakan,Lucian,Xin Zhao,Alistar,Karthus,Urgot,Aatrox,Cassiopeia,Braum,Sejuani,Thresh,Sivir,Draven,Jayce,Irelia,Olaf,Viktor,Kennen,Kai'Sa,Nocturne
Lucian,Cassiopeia,Sion,Aatrox,LeBlanc,Draven,Urgot,Akali,Ezreal,Nocturne,Lissandra,Camille,Xayah,Alistar,Thresh,Zilean,Braum,Kai'Sa,Soraka,Ryze
Ryze,Draven,Karthus,Alistar,Jayce,Akali,Lucian,Braum,Vayne,Lissandra,Fiddlesticks,Azir,Rek'Sai,Jax,Kennen,Renekton,Aatrox,Yorick,Camille,Poppy
Akali,Irelia,Mordekaiser,Lux,Xayah,Azir,Qiyana,Tahm Kench,Karma,Braum,Sivir,Aatrox,Corki,Olaf,Jayce,Ashe,Sylas,Sejuani,Renekton,Ezreal
Draven,Ezreal,Karma,Aatrox,Fiddlesticks,Evelynn,Yuumi,Xayah,Sylas,Lucian,Corki,Rakan,Gnar,Gragas,Skarner,Sejuani,Lee Sin,Rek'Sai,Rumble,Mordekaiser
Sivir,Sona,Renekton,Karma,Yuumi,Yasuo,Sejuani,Trundle,Tahm Kench,Irelia,Braum,Ezreal,Varus,Rumble,LeBlanc,Kennen,Orianna,Akali,Kai'Sa,Gangplank
Jayce,Nocturne,Thresh,Lucian,Cassiopeia,Ezreal,Urgot,Sion,Varus,Sivir,Alistar,Morgana,Zoe,LeBlanc,Jarvan IV,Yasuo,Lee Sin,Gragas,Syndra,Lissandra
Alistar,Lucian,Draven,Urgot,Yasuo,Jayce,Cassiopeia,Karthus,Ezreal,Pyke,Sylas,Kennen,Jarvan IV,LeBlanc,Olaf,Braum,Rakan,Lee Sin,Sivir,Zed
Jarvan IV,Braum,Karthus,Kennen,Sylas,Jayce,Draven,Tahm Kench,Ezreal,Thresh,Vladimir,Zoe,Yasuo,Elise,Irelia,Yorick,Sejuani,Orianna,Rek'Sai,Renekton
Poppy,Lucian,Ryze,Jayce,Karthus,Rakan,Braum,Lissandra,Thresh,Jarvan IV,Zoe,Aatrox,Sivir,Nocturne,Rek'Sai,Kalista,Draven,Vayne,Skarner,Rumble
Irelia,Karma,Azir,Sona,Sejuani,Jarvan IV,Yuumi,Aatrox,Sivir,Corki,Rek'Sai,Nautilus,Lucian,Gragas,Ezreal,Elise,Olaf,Kennen,Xayah,Cassiopeia
Ezreal,Draven,Neeko,Tahm Kench,Sejuani,Karma,Aatrox,Irelia,Yuumi,Nautilus,Sivir,Xayah,Elise,LeBlanc,Olaf,Skarner,Gragas,Jarvan IV,Sylas,Kennen
Yuumi,Varus,Taric,Galio,Aatrox,Jayce,Irelia,Ryze,Akali,Sylas,Ezreal,Rek'Sai,Sejuani,Kalista,Braum,Xayah,Nautilus,Tahm Kench,Skarner,Sivir
Irelia,Karma,Yuumi,Sejuani,Olaf,Sona,Aatrox,Draven,Jarvan IV,Tahm Kench,Varus,Braum,Gragas,Kennen,Trundle,LeBlanc,Gangplank,Skarner,Azir,Vel'Koz
Draven,Sejuani,Sona,Aatrox,Irelia,Sivir,Karma,Xayah,Rakan,Ezreal,Tahm Kench,Jarvan IV,Olaf,Azir,Gragas,,Elise,Skarner,Gnar,Syndra
Irelia,Sylas,Riven,Azir,Sona,Corki,Yuumi,Sejuani,Tristana,Ezreal,Jarvan IV,Nautilus,Akali,Kai'Sa,Jayce,Twisted Fate,Sivir,Aatrox,Syndra,Zoe
Yasuo,Karma,Irelia,Sejuani,Sona,Yuumi,Aatrox,Akali,Tahm Kench,Xayah,Rakan,Ashe,Elise,Azir,Neeko,Zilean,Jarvan IV,Viktor,Gragas,Sylas
Nocturne,Jayce,Braum,Neeko,Ryze,Lucian,Karthus,Jarvan IV,Thresh,Galio,LeBlanc,Lissandra,Kalista,Ezreal,Draven,Poppy,Sivir,Kai'Sa,Irelia,Renekton
Ryze,Yuumi,Irelia,Jayce,Aatrox,Taric,Sylas,Akali,Xayah,Galio,Kai'Sa,Rakan,Jarvan IV,Rumble,Camille,Olaf,Rek'Sai,Skarner,Gangplank,Vladimir
Tahm Kench,Nocturne,Sion,Cassiopeia,Ezreal,Lucian,Urgot,Galio,Yorick,Alistar,Sivir,Kai'Sa,LeBlanc,Zoe,Olaf,Viktor,Jarvan IV,Sejuani,Sylas,Orianna
Irelia,Sejuani,Sona,Neeko,Ryze,Aatrox,Sylas,Yuumi,Ezreal,Sivir,Nautilus,Renekton,Kennen,Elise,Jayce,Azir,Rek'Sai,Vladimir,Vi,Cassiopeia
Draven,Cassiopeia,Yorick,Yasuo,Urgot,Alistar,Lucian,Thresh,Jayce,Braum,Nocturne,Zoe,LeBlanc,Kalista,Rumble,Ezreal,Kai'Sa,Syndra,Malphite,Vladimir
Irelia,Karma,Aatrox,Sejuani,Lux,Yuumi,Tahm Kench,Sivir,Jarvan IV,Sona,Rumble,Jayce,Sylas,Viktor,Twisted Fate,Azir,Pyke,Graves,Syndra,LeBlanc
Riven,Cassiopeia,Zoe,Neeko,Irelia,Jayce,Alistar,Braum,Lissandra,Ryze,Karma,Jinx,Lucian,Aatrox,Kalista,Yorick,Nocturne,Kai'Sa,Rek'Sai,Vladimir
Irelia,Karma,Tahm Kench,Aatrox,Sivir,Jayce,Sejuani,Lux,Gragas,Yasuo,Nautilus,Kalista,Akali,Braum,Neeko,LeBlanc,Renekton,Syndra,Gangplank,Vel'Koz
Ryze,Yuumi,Irelia,Sona,Aatrox,Sylas,Sejuani,Xayah,Jarvan IV,Rakan,Ezreal,Morgana,Renekton,Neeko,Camille,LeBlanc,Vladimir,Jayce,Kennen,Syndra
Draven,Poppy,Sylas,Qiyana,Yuumi,Karma,Xayah,Kai'Sa,Nautilus,Rakan,Azir,Corki,Gnar,Kled,Aatrox,Evelynn,Jarvan IV,Kennen,Olaf,Lee Sin
Lucian,Mordekaiser,Irelia,Qiyana,Sylas,Draven,Karma,Azir,Lux,Lee Sin,Ekko,Olaf,Ezreal,Sivir,Jayce,Kalista,Xayah,Kai'Sa,Nautilus,Aatrox
Irelia,Sylas,Akali,Ryze,Morgana,Aatrox,Yuumi,Xayah,Jarvan IV,Sejuani,Sivir,Rakan,LeBlanc,Jayce,Neeko,Vladimir,Rumble,Orianna,Kennen,Azir
Draven,Lucian,Lissandra,Aatrox,Zilean,Akali,Cassiopeia,Sion,Ezreal,Urgot,Alistar,Braum,Kai'Sa,Zoe,Vayne,Vel'Koz,Gragas,Sivir,Kha'Zix,Syndra
Jayce,Akali,Ryze,Cassiopeia,Lucian,Urgot,Aatrox,Kennen,Alistar,Sejuani,Ezreal,Kalista,Morgana,LeBlanc,Viktor,,Kayn,Vladimir,Braum,Yasuo
Ryze,Irelia,Draven,Sejuani,Aatrox,Sylas,Sona,Yuumi,Elise,Taric,Olaf,Sivir,Neeko,LeBlanc,Rumble,Jayce,Zoe,Syndra,Jarvan IV,Hecarim
Neeko,Karma,Irelia,Sona,Mordekaiser,Yuumi,Azir,Aatrox,Lux,Olaf,Kennen,Viktor,Ezreal,Jarvan IV,Nautilus,Lee Sin,Sejuani,Ashe,Tahm Kench,Sivir
Rakan,Cassiopeia,Lucian,Galio,Akali,Irelia,Aatrox,Urgot,Alistar,Braum,Ezreal,Kai'Sa,Zoe,LeBlanc,Karthus,Lissandra,Ryze,Viktor,Camille,Nocturne
Irelia,Sona,Lux,Karma,Jarvan IV,Yuumi,Tahm Kench,Braum,Sylas,Sejuani,Ezreal,Aatrox,Jayce,Sivir,Akali,Corki,Kai'Sa,Azir,Camille,Twisted Fate
Draven,Ezreal,Lux,Irelia,Karma,Skarner,Azir,Tahm Kench,Qiyana,Xayah,Rakan,Gragas,Olaf,Ashe,Aatrox,Varus,Caitlyn,Neeko,Sejuani,Ekko
Cassiopeia,Draven,Thresh,Lucian,Lissandra,Akali,Urgot,Kai'Sa,Sion,Alistar,Kalista,Morgana,Camille,Syndra,Kha'Zix,Swain,Zac,LeBlanc,Olaf,Kassadin
Sylas,Xayah,Karma,Yuumi,Azir,Ezreal,Sejuani,Tahm Kench,Jarvan IV,Pyke,Sivir,Sona,Aatrox,Jayce,Irelia,Corki,Kennen,Akali,Gangplank,LeBlanc
Ryze,Aatrox,Draven,Irelia,Sona,Rakan,Sylas,Yuumi,Olaf,Sivir,Nautilus,Ezreal,Rumble,Cassiopeia,Gnar,Azir,LeBlanc,Elise,Poppy,Jayce
Lucian,Draven,Cassiopeia,Karthus,Braum,Sylas,Urgot,Sion,Alistar,Caitlyn,Morgana,Jinx,LeBlanc,Sejuani,Yasuo,Kennen,Orianna,Jarvan IV,Zoe,Lee Sin
Yuumi,Aatrox,Ryze,Sylas,Sejuani,Irelia,Jayce,Olaf,Sivir,Lux,Lee Sin,Poppy,Vladimir,LeBlanc,Morgana,Syndra,Nautilus,Xayah,Kennen,Twisted Fate
Yasuo,Karma,Irelia,Sona,Sylas,Akali,Yuumi,Xayah,Rakan,Sejuani,Ezreal,Qiyana,Renekton,Neeko,Aatrox,Elise,Gragas,Camille,Rumble,Vladimir
Camille,Cassiopeia,Lissandra,Aatrox,Urgot,Lucian,Akali,Thresh,Rumble,Ezreal,Tahm Kench,Kai'Sa,Syndra,LeBlanc,Zoe,Yorick,Lee Sin,Elise,Jayce,Sion
Draven,Sona,Lux,Sejuani,Sylas,Yuumi,Ryze,Irelia,Aatrox,Xayah,Rakan,Elise,Olaf,Nautilus,Akali,Lucian,Tahm Kench,Jarvan IV,Jax,Ezreal
Riven,Rumble,Yuumi,Sylas,Tahm Kench,Skarner,Jarvan IV,Sejuani,Irelia,Akali,Sivir,Alistar,Gangplank,Kai'Sa,Braum,Kalista,Tristana,Nautilus,Azir,Corki
Draven,Lucian,Yasuo,Tristana,Karthus,Thresh,Galio,Urgot,Ezreal,Nocturne,Zoe,Tahm Kench,Sivir,Olaf,Yorick,Jarvan IV,LeBlanc,Kai'Sa,Sion,Nunu & Willump
Irelia,Cassiopeia,Rakan,Aatrox,Viktor,Urgot,Lucian,Ezreal,Xin Zhao,Kha'Zix,Galio,Lissandra,Thresh,Braum,Janna,Alistar,Tahm Kench,Sion,Zilean,Vladimir
Draven,Sejuani,Irelia,Yasuo,Fiddlesticks,Akali,Yuumi,Xayah,Sylas,Qiyana,Lucian,Rakan,Aatrox,Olaf,Gragas,Jax,Kennen,Soraka,Azir,Xin Zhao
Aatrox,Qiyana,Ryze,Azir,Mordekaiser,Karma,Olaf,Xayah,Rakan,Lux,Sivir,Corki,Syndra,Jarvan IV,Kennen,Lee Sin,Sylas,Neeko,Jayce,Rengar
Draven,Tristana,Kalista,Elise,Karthus,Lee Sin,Lucian,Jarvan IV,Galio,Braum,Lissandra,Cassiopeia,Nocturne,Rek'Sai,Jayce,Olaf,Renekton,Aatrox,Sejuani,Ryze
Corki,Yuumi,Anivia,Sylas,Twisted Fate,Sejuani,Akali,Tristana,Tahm Kench,Rakan,Xayah,Jarvan IV,Gragas,Sona,Lee Sin,Varus,Viktor,Aatrox,Xin Zhao,Karma
Olaf,Sejuani,Karma,Xayah,Yuumi,Neeko,Azir,Corki,Qiyana,Skarner,Aatrox,Gnar,Pyke,Nautilus,Rakan,Braum,Tahm Kench,Blitzcrank,Kai'Sa,Jhin
Yorick,Lucian,Zoe,Jayce,Sylas,Thresh,Rek'Sai,Galio,Jarvan IV,Tristana,Tahm Kench,Kai'Sa,Syndra,Riven,Vladimir,Irelia,Lissandra,Zilean,Kennen,Ryze
Sona,Rakan,Sylas,Karma,Irelia,Yuumi,Sejuani,Aatrox,Gragas,Braum,Corki,Twisted Fate,Kled,Pyke,Gangplank,Caitlyn,Sivir,Renekton,Ezreal,Nautilus
Draven,Akali,Nocturne,Cassiopeia,Jayce,Lucian,Urgot,Sion,Ezreal,Camille,Lissandra,Karthus,Kai'Sa,Kha'Zix,Rakan,Braum,Aatrox,Alistar,Sivir,Tahm Kench
Azir,Aatrox,Qiyana,Yuumi,Akali,Ezreal,Corki,Xayah,Gragas,Tahm Kench,Ashe,Rakan,Kennen,Irelia,Vladimir,Ryze,Gangplank,Sejuani,Renekton,Sylas
Karthus,Sylas,Thresh,Jayce,Swain,Ryze,Lissandra,Tahm Kench,Rek'Sai,Braum,Nocturne,Varus,LeBlanc,Vladimir,Akali,Kennen,Vel'Koz,Aatrox,Lucian,Cho'Gath
Qiyana,Yuumi,Akali,Corki,Sylas,Sejuani,Jarvan IV,Aatrox,Gragas,Xayah,Rakan,Tahm Kench,Azir,Ezreal,Gangplank,Ashe,Varus,Kennen,Taliyah,Rumble
Azir,Karma,Irelia,Yuumi,Olaf,Xayah,Rakan,Sejuani,Corki,Aatrox,Kai'Sa,Kled,Kennen,Sona,Gnar,Braum,Nautilus,Sylas,Gangplank,Akali
Draven,Lucian,Irelia,Cassiopeia,LeBlanc,Jayce,Jarvan IV,Rek'Sai,Kalista,Tristana,Alistar,Galio,Kennen,Zoe,Vladimir,Syndra,Renekton,Ivern,Ryze,Orianna
Sylas,Draven,Cassiopeia,Lucian,Jayce,Urgot,Thresh,Jarvan IV,Yasuo,Karthus,Kalista,Alistar,LeBlanc,Karma,Yorick,Ivern,Elise,Sion,Ryze,Irelia
Nocturne,Urgot,Ornn,Lucian,Cassiopeia,Yorick,Sylas,Ezreal,Zoe,Ashe,Tahm Kench,Sejuani,Olaf,Jayce,Zac,Fiora,Braum,Jarvan IV,Aurelion Sol,Riven
Irelia,Aatrox,Yuumi,Sylas,Sona,Ryze,Jayce,Sivir,Olaf,Xayah,Rakan,Nautilus,Rek'Sai,Neeko,Sejuani,Yorick,Jarvan IV,Trundle,Azir,Orianna
Draven,Akali,Cassiopeia,Jayce,Urgot,Lucian,Lissandra,Kalista,Alistar,Ezreal,Camille,Sejuani,Gragas,Syndra,Morgana,Zoe,Kennen,Ryze,Pyke,Yasuo
Lucian,Jayce,Sylas,Cassiopeia,Sion,Akali,Aatrox,Urgot,Ezreal,Nocturne,Kai'Sa,Tahm Kench,Lissandra,Camille,Ornn,LeBlanc,Sejuani,Orianna,Thresh,Syndra
Sylas,Aatrox,Rakan,Yuumi,Rek'Sai,Sejuani,Irelia,Neeko,Nautilus,Elise,Sivir,Xayah,Braum,Olaf,Jayce,Lee Sin,Jarvan IV,Thresh,Gnar,Azir
Irelia,Yuumi,Sona,Ryze,Xayah,Rumble,Aatrox,Sylas,Sivir,Sejuani,Lux,Olaf,Lucian,LeBlanc,Kai'Sa,Akali,Karma,Caitlyn,Viktor,Kennen
Olaf,Xayah,Irelia,Sejuani,Corki,Yuumi,Karma,Akali,Sylas,Aatrox,Elise,Kai'Sa,Lucian,Morgana,Ezreal,Nautilus,Alistar,Braum,Tristana,Qiyana
Ezreal,Cassiopeia,Xin Zhao,Aatrox,Viktor,Urgot,Lucian,Sion,Rakan,Camille,Galio,Nocturne,Swain,Xayah,Leona,Kai'Sa,Lissandra,Alistar,Kennen,Sivir
Nocturne,Neeko,Thresh,Rek'Sai,Jayce,Zoe,Galio,Tahm Kench,Draven,Jarvan IV,Ezreal,LeBlanc,Lissandra,Lee Sin,Ryze,Yorick,Sejuani,Vladimir,Corki,Irelia
Lissandra,Yasuo,Thresh,Jayce,Cassiopeia,Zoe,Sylas,Ezreal,Braum,Kai'Sa,Alistar,Ryze,Lee Sin,Irelia,Sejuani,Rek'Sai,Jarvan IV,Karma,Nocturne,Riven
Irelia,Karma,Akali,Aatrox,Sona,Yuumi,Sejuani,Xayah,Rakan,Sivir,Tahm Kench,Trundle,Azir,Poppy,Riven,Jax,Viktor,Camille,Zoe,Kennen
Qiyana,Irelia,Lux,Yasuo,Azir,Karma,Sylas,Jarvan IV,Draven,Ezreal,Tahm Kench,Fiddlesticks,Neeko,Kennen,Zed,Jayce,Corki,Ryze,Gnar,Mordekaiser
Camille,Cassiopeia,Irelia,Lucian,Aatrox,Alistar,Urgot,Akali,Sion,Braum,Viktor,Lee Sin,Gragas,Tahm Kench,Xin Zhao,Kai'Sa,Rakan,Yorick,Sejuani,Xayah
Akali,Karthus,Irelia,Cassiopeia,Galio,Lucian,Aatrox,Urgot,Rakan,Caitlyn,Morgana,Xin Zhao,Ryze,Xayah,Lissandra,LeBlanc,Kai'Sa,Sion,Sejuani,Rumble
Irelia,Qiyana,Azir,Mordekaiser,Tahm Kench,Yasuo,Karma,Xayah,Rakan,Lux,Jarvan IV,Sylas,Caitlyn,Aatrox,Draven,Corki,Neeko,Sivir,Akali,Jayce
LeBlanc,Cassiopeia,Alistar,Lucian,Tristana,Kalista,Jayce,Galio,Kai'Sa,Ashe,Tahm Kench,Yorick,Jax,Zoe,Kennen,Syndra,Jarvan IV,Ryze,Elise,Lissandra
Draven,Aatrox,Rakan,Cassiopeia,Lucian,Irelia,Urgot,Akali,Alistar,Xin Zhao,Galio,Sion,Ezreal,Kalista,Morgana,Kha'Zix,Nunu & Willump,Kog'Maw,Tahm Kench,Vayne
Ryze,Aatrox,Yuumi,Sylas,Taric,Irelia,Akali,Nautilus,Xayah,Sejuani,Sivir,Jarvan IV,Braum,Rakan,Thresh,LeBlanc,Jayce,Ornn,Morgana,Vladimir
Ryze,Sylas,Cassiopeia,Thresh,Irelia,Jayce,Lissandra,Karthus,Lucian,Jinx,Braum,Rakan,Nocturne,Vladimir,Aatrox,Rumble,Lee Sin,Rek'Sai,Gangplank,Xayah
Olaf,Karma,Azir,Yuumi,Sejuani,Rumble,Lux,Jarvan IV,Tahm Kench,Irelia,Skarner,Gangplank,Twisted Fate,Sona,Viktor,Varus,Ezreal,Kai'Sa,Neeko,Corki
Karthus,Jayce,LeBlanc,Lucian,Braum,Lissandra,Sylas,Jarvan IV,Galio,Ezreal,Tahm Kench,Ryze,Nocturne,Sivir,Rek'Sai,Kai'Sa,Tristana,Kennen,Sejuani,Cho'Gath
Thresh,Lucian,Yorick,Cassiopeia,Zoe,Yasuo,Urgot,Nocturne,Aatrox,Ezreal,Braum,Tahm Kench,Sylas,Kai'Sa,Elise,Zilean,Sivir,Lissandra,Olaf,Ryze
Draven,Braum,Yasuo,Galio,Karthus,Urgot,Lucian,Jarvan IV,Tahm Kench,Nocturne,Zoe,Ashe,Aatrox,Ryze,Thresh,Ekko,Fizz,Rakan,Yorick,Elise
LeBlanc,Karthus,Jayce,Urgot,Yasuo,Kennen,Braum,Thresh,Lucian,Draven,Aatrox,Zoe,Syndra,Sylas,Lissandra,Olaf,Nocturne,Orianna,Zac,Jarvan IV
Twisted Fate,Sona,Azir,Karma,Qiyana,Yuumi,Lux,Tahm Kench,Sejuani,Sivir,Jarvan IV,Varus,Akali,Irelia,Veigar,Corki,Rumble,Vladimir,Aatrox,Jayce
Thresh,Galio,Rek'Sai,Lucian,Ivern,Jayce,Sylas,LeBlanc,Kai'Sa,Karthus,Jarvan IV,Alistar,Tristana,Jax,Jhin,Olaf,Lee Sin,Xayah,Rakan,Vladimir
